Frequency;Impedance;Phase;Real;Imaginary;Magnitude
 1500 ; 3,39173207178941E-05 ; 23,0693280670629 ; 137 ;-4912 ; 4913,91015383879 
 1520 ; 3,64754826761259E-05 ; 26,4561180546601 ; 397 ;-4552 ; 4569,27926482941 
 1540 ; 3,96404384560914E-05 ; 29,5247267960841 ; 589 ;-4163 ; 4204,46072641903 
 1560 ; 4,31541133852567E-05 ; 32,6390823275266 ; 748 ;-3789 ; 3862,12700464394 
 1580 ; 4,70275708961628E-05 ; 35,9157482852502 ; 884 ;-3432 ; 3544,02031596886 
 1600 ; 5,19241615053203E-05 ; 38,9865304165897 ; 966 ;-3061 ; 3209,8094959047 
 1620 ; 5,70603322131283E-05 ; 41,9106684748883 ; 1020 ;-2737 ; 2920,88496863536 
 1640 ; 6,36735070701774E-05 ; 45,0497017064466 ; 1047 ;-2399 ; 2617,5198184541 
 1660 ; 7,19038075233474E-05 ; 47,9372728048875 ; 1033 ;-2075 ; 2317,91156000396 
 1680 ; 8,12008829286342E-05 ; 50,5968111456926 ; 999 ;-1793 ; 2052,52283787538 
 1700 ; 9,3925053780646E-05 ; 53,155366574966 ; 932 ;-1510 ; 1774,46442624246 
 1720 ; 1,09136739548451E-04 ; 55,6092316702219 ; 857 ;-1264 ; 1527,13620872534 
 1740 ; 1,3037961683694E-04 ; 57,561697053487 ; 753 ;-1033 ; 1278,31842668406 
 1760 ; 1,59220126385226E-04 ; 59,3706994665067 ; 643 ;-826 ; 1046,76883790071 
 1780 ; 2,02348238618839E-04 ; 60,2618864103928 ; 516 ;-642 ; 823,662552262758 
 1800 ; 2,66530238101535E-04 ; 60,1744497093766 ; 391 ;-488 ; 625,319918121916 
 1820 ; 3,85512345084576E-04 ; 56,9631716618271 ; 251 ;-352 ; 432,325109148196 
 1840 ; 6,44582566071047E-04 ; 46,6492479889913 ; 110 ;-234 ; 258,565272223476 
 1860 ; 1,0332254702244E-03 ; 4,16006643255477 ;-48 ;-154 ; 161,307160411434 
 1880 ; 8,04918200883069E-04 ;-41,8394874841079 ;-185 ;-93 ; 207,060377667964 
 1900 ; 5,01857803239151E-04 ;-63,8649383438769 ;-331 ;-27 ; 332,099382715476 
 1920 ; 3,67873668470124E-04 ;-67,6429926622414 ;-453 ;-7 ; 453,054080657045 
 1940 ; 2,87440926001377E-04 ;-71,5930109244467 ;-579 ; 31 ; 579,82928522109 
 1960 ; 2,34682201595559E-04 ;-69,8192414437326 ;-710 ; 16 ; 710,180258807579 
 1980 ; 2,02016491925861E-04 ;-68,1810445520671 ;-825 ;-5 ; 825,015151376022 
 2000 ; 1,79374347116401E-04 ;-67,479934863947 ;-929 ;-17 ; 929,155530576017 
 2020 ; 1,6365016547249E-04 ;-65,4888878805775 ;-1017 ;-54 ; 1018,43261927336 
 2040 ; 1,51439075617044E-04 ;-63,315005045033 ;-1096 ;-100 ; 1100,55258847544 
 2060 ; 1,41335032547934E-04 ;-60,9753837846071 ;-1169 ;-155 ; 1179,23110542421 
 2080 ; 1,34292927379964E-04 ;-58,7396052113845 ;-1223 ;-211 ; 1241,06808838194 
 2100 ; 1,28566994398495E-04 ;-56,9583154027163 ;-1270 ;-260 ; 1296,34100452003 
 2120 ; 1,24263974100306E-04 ;-54,2848268774195 ;-1300 ;-330 ; 1341,23077805425 
 2140 ; 1,20490683673675E-04 ;-51,4164223423362 ;-1322 ;-407 ; 1383,23280759242 
 2160 ; 1,17855579329857E-04 ;-48,9017172466312 ;-1332 ;-475 ; 1414,16017480341 
 2180 ; 1,164104724457E-04 ;-46,5856824264442 ;-1328 ;-535 ; 1431,71540468069 
 2200 ; 1,15698064863471E-04 ;-44,0448319683818 ;-1311 ;-597 ; 1440,5311520408 
 2220 ; 1,14494008064505E-04 ;-41,9632362754982 ;-1302 ;-651 ; 1455,68025335236 
 2240 ; 1,14616532835591E-04 ;-39,7071362433154 ;-1274 ;-701 ; 1454,12413500361 
 2260 ; 1,15445988166656E-04 ;-37,6462069591318 ;-1239 ;-741 ; 1443,67655657353 
 2280 ; 1,15664431627416E-04 ;-35,5660963500514 ;-1209 ;-784 ; 1440,95003383185 
 2300 ; 1,17376800591051E-04 ;-33,9428713731272 ;-1169 ;-806 ; 1419,92851932765 
 2320 ; 1,18724052336185E-04 ;-31,9277653305931 ;-1127 ;-837 ; 1403,81551494489 
 2340 ; 1,21023591278608E-04 ;-29,7775129674614 ;-1074 ;-862 ; 1377,14196799023 
 2360 ; 1,24112969512094E-04 ;-28,4823464623257 ;-1028 ;-864 ; 1342,86261397062 
 2380 ; 1,27529539617989E-04 ;-26,9093114472668 ;-977 ;-868 ; 1306,88675867498 
 2400 ; 1,3290515408022E-04 ;-25,8550527667093 ;-922 ;-850 ; 1254,02711294453 
 2420 ; 1,37457430355467E-04 ;-25,1992190569296 ;-882 ;-832 ; 1212,49659793337 
 2440 ; 1,43368552359134E-04 ;-23,8767976306649 ;-827 ;-817 ; 1162,50505375246 
 2460 ; 0,000149910528615 ;-22,4349892611321 ;-771 ;-801 ; 1111,77425766205 
 2480 ; 1,56375999106529E-04 ;-22,4258504611497 ;-739 ;-768 ; 1065,8072058304 
 2500 ; 1,64420807838856E-04 ;-21,9693314563908 ;-697 ;-736 ; 1013,65921295078 
 2520 ; 1,74204808523221E-04 ;-23,2318596071593 ;-673 ;-680 ; 956,728279084506 
 2540 ; 1,84574931970684E-04 ;-23,4834199782457 ;-638 ;-639 ; 902,975636437662 
 2560 ; 1,91914500028291E-04 ;-24,4613609780799 ;-624 ;-604 ; 868,442283632021 
 2580 ; 2,00571883562631E-04 ;-26,064432631824 ;-613 ;-561 ; 830,957279286968 
 2600 ; 2,11475783742177E-04 ;-28,1083578695782 ;-600 ;-511 ; 788,112301642348 
 2620 ; 2,19559736715345E-04 ;-30,7526031480853 ;-600 ;-465 ; 759,0948557328 
 2640 ; 2,32360773249433E-04 ;-32,4891683166165 ;-580 ;-422 ; 717,275400386769 
 2660 ; 2,35756490625554E-04 ;-37,0641438223502 ;-603 ;-369 ; 706,944127919597 
 2680 ; 2,43722808582404E-04 ;-41,288758583194 ;-608 ;-313 ; 683,836968874892 
 2700 ; 2,47419389432937E-04 ;-43,0283737336003 ;-608 ;-290 ; 673,620070959885 
 2720 ; 2,40580405746202E-04 ;-47,817362989224 ;-648 ;-245 ; 692,769081296214 
 2740 ; 2,42579864221985E-04 ;-51,5175259466525 ;-657 ;-201 ; 687,058949435927 
 2760 ; 2,34186591603073E-04 ;-55,3707447108108 ;-693 ;-162 ; 711,683216044892 
 2780 ; 2,30414991202949E-04 ;-57,9329615909259 ;-711 ;-133 ; 723,33256528377 
 2800 ; 2,22738186493892E-04 ;-60,5389606837538 ;-741 ;-104 ; 748,262654420224 
 2820 ; 2,17050507180749E-04 ;-62,7731466114644 ;-764 ;-77 ; 767,870431778695 
 2840 ; 2,04051566794638E-04 ;-64,7375434143782 ;-815 ;-54 ; 816,786997937651 
 2860 ; 1,95912416791439E-04 ;-66,1703814786985 ;-850 ;-35 ; 850,720283054307 
 2880 ; 1,90147279558035E-04 ;-66,5668697815933 ;-876 ;-30 ; 876,513548098374 
 2900 ; 1,79983921962451E-04 ;-68,2807910208526 ;-926 ;-4 ; 926,008639268555 
 2920 ; 1,73788743234412E-04 ;-68,1698200960668 ;-959 ;-6 ; 959,018769367941 
 2940 ; 1,65308045093934E-04 ;-67,3347980252813 ;-1008 ;-21 ; 1008,21872626926 
 2960 ; 1,6164440212813E-04 ;-67,861441368595 ;-1031 ;-12 ; 1031,06983274655 
 2980 ; 1,5544822279604E-04 ;-67,5128902097887 ;-1072 ;-19 ; 1072,16836364444 
 3000 ; 1,5118036408568E-04 ;-66,9169436448907 ;-1102 ;-31 ; 1102,43593918196 
 3020 ; 1,47031950681382E-04 ;-66,7589010785567 ;-1133 ;-35 ; 1133,54047126691 
 3040 ; 1,44386269780732E-04 ;-65,7972545353846 ;-1153 ;-55 ; 1154,31104993412 
 3060 ; 1,39380442583585E-04 ;-65,412246267822 ;-1194 ;-65 ; 1195,76795407805 
 3080 ; 1,38244291626389E-04 ;-65,5804441265523 ;-1204 ;-62 ; 1205,59528864375 
 3100 ; 1,36625516175821E-04 ;-63,4018956536139 ;-1215 ;-109 ; 1219,87950224602 
 3120 ; 1,3507663268566E-04 ;-62,4803924103414 ;-1227 ;-130 ; 1233,86749693798 
 3140 ; 0,00013393929533 ;-62,2999616560531 ;-1237 ;-135 ; 1244,3448075192 
 3160 ; 1,30672501171473E-04 ;-61,5481400199935 ;-1266 ;-155 ; 1275,45325276938 
 3180 ; 1,3037598668452E-04 ;-60,8862554920504 ;-1267 ;-170 ; 1278,35401982393 
 3200 ; 1,31550435716905E-04 ;-59,7202358676035 ;-1252 ;-194 ; 1266,9411983198 
 3220 ; 1,30570125872789E-04 ;-58,5125069983057 ;-1257 ;-222 ; 1276,45328939213 
 3240 ; 1,30759178560188E-04 ;-57,7208593150316 ;-1252 ;-239 ; 1274,60778281007 
 3260 ; 1,30904980558964E-04 ;-57,1124479261911 ;-1248 ;-252 ; 1273,18812435555 
 3280 ; 1,29053677649496E-04 ;-57,5924906639333 ;-1268 ;-245 ; 1291,45228328421 
 3300 ; 1,30262726834076E-04 ;-57,0778383251007 ;-1254 ;-254 ; 1279,46551340784 
 3320 ; 1,31187486162687E-04 ;-57,0414621162327 ;-1245 ;-253 ; 1270,44637824664 
 3340 ; 1,33153431425636E-04 ;-56,0243046011761 ;-1222 ;-271 ; 1251,68885910197 
 3360 ; 1,31079072252243E-04 ;-56,5908927341272 ;-1244 ;-263 ; 1271,49714903337 
 3380 ; 1,31706223030709E-04 ;-55,3266560678035 ;-1232 ;-289 ; 1265,44261031467 
 3400 ; 1,36400948817466E-04 ;-55,6180221319996 ;-1191 ;-273 ; 1221,88788356379 
 3420 ; 1,37056861766165E-04 ;-55,5548599254904 ;-1185 ;-273 ; 1216,04029538498 
 3440 ; 1,36257056899526E-04 ;-57,1173043238321 ;-1199 ;-242 ; 1223,17823721647 
 3460 ; 1,34114024834386E-04 ;-55,5544049569594 ;-1211 ;-279 ; 1242,7236217277 
 3480 ; 1,35021081123403E-04 ;-56,8906419849486 ;-1209 ;-249 ; 1234,37514556961 
 3500 ; 1,35969502741334E-04 ;-56,7599985186235 ;-1200 ;-250 ; 1225,76506721313 
 3520 ; 1,40674578254112E-04 ;-56,0991427199559 ;-1157 ;-255 ; 1184,76748773757 
 3540 ; 1,37798376708327E-04 ;-56,0662759747663 ;-1181 ;-261 ; 1209,49658949498 
 3560 ; 1,43311193464116E-04 ;-59,3251470967496 ;-1148 ;-186 ; 1162,9703349613 
 3580 ; 1,41329595280549E-04 ;-57,6280799927694 ;-1158 ;-223 ; 1179,27647309696 
 3600 ; 1,41460670791632E-04 ;-60,2812691315827 ;-1166 ;-169 ; 1178,18377174361 
 3620 ; 1,34984852174899E-04 ;-59,6762833508739 ;-1220 ;-190 ; 1234,7064428438 
 3640 ; 1,41631216560782E-04 ;-62,3816617902635 ;-1170 ;-126 ; 1176,76505726504 
 3660 ; 1,35395524930957E-04 ;-62,8871661635706 ;-1225 ;-121 ; 1230,96141288019 
 3680 ; 1,31544330439358E-04 ;-62,5027124415276 ;-1260 ;-133 ; 1267 
 3700 ; 1,31185616779707E-04 ;-62,7458951274985 ;-1264 ;-128 ; 1270,46448199074 
 3720 ; 1,36296051967838E-04 ;-66,4193303562897 ;-1222 ;-45 ; 1222,82827903185 
 3740 ; 1,30337868454501E-04 ;-62,6482730007386 ;-1272 ;-131 ; 1278,72788348421 
 3760 ; 1,24198953922361E-04 ;-65,4526658084299 ;-1340 ;-72 ; 1341,93293424075 
 3780 ; 1,34571050160145E-04 ;-65,7051559663253 ;-1237 ;-61 ; 1238,50312878087 
 3800 ; 1,30232778119717E-04 ;-64,7648404025231 ;-1277 ;-84 ; 1279,7597430768 
 3820 ; 1,24789377291612E-04 ;-63,2872513564208 ;-1330 ;-122 ; 1335,58376749645 
 3840 ; 1,2663199957046E-04 ;-64,5636327267691 ;-1313 ;-91 ; 1316,14968753558 
 3860 ; 1,21385467063775E-04 ;-68,9455836357005 ;-1373 ; 10 ; 1373,03641612304 
 3880 ; 1,17775042654291E-04 ;-64,15131915161 ;-1411 ;-108 ; 1415,12720276306 
 3900 ; 1,1407326836475E-04 ;-68,9988787519413 ;-1461 ; 12 ; 1461,04928048304 
 3920 ; 1,20560109752835E-04 ;-65,9163155279476 ;-1381 ;-63 ; 1382,43625531161 
 3940 ; 1,13487634605165E-04 ;-63,5281286731516 ;-1463 ;-128 ; 1468,58877838556 
 3960 ; 1,17832484682267E-04 ;-65,1642054874696 ;-1412 ;-83 ; 1414,43734396402 
 3980 ; 1,11312894021688E-04 ;-63,2784266768877 ;-1491 ;-137 ; 1497,28086877513 
 4000 ; 1,11627153154906E-04 ;-67,9910353368491 ;-1493 ;-14 ; 1493,06563820885 
 4020 ; 1,07540893163716E-04 ;-63,1598095077062 ;-1543 ;-145 ; 1549,79805136024 
 4040 ; 1,05265140747088E-04 ;-67,406403579701 ;-1583 ;-31 ; 1583,30350849103 
 4060 ; 1,07521779871478E-04 ;-62,6779308444649 ;-1542 ;-158 ; 1550,07354664222 
 4080 ; 1,00931814215185E-04 ;-66,2723474857422 ;-1650 ;-65 ; 1651,2798066954 
 4100 ; 9,96141606241619E-05 ;-63,6252955996675 ;-1667 ;-143 ; 1673,12223103992 
 4120 ; 1,01999527831407E-04 ;-66,5291851438416 ;-1633 ;-57 ; 1633,99449203478 
 4140 ; 1,07374185989309E-04 ;-63,8351504009957 ;-1547 ;-127 ; 1552,20423913865 
 4160 ; 9,93112436932098E-05 ;-64,9753790907622 ;-1675 ;-104 ; 1678,22555099128 
 4180 ; 1,05537476833903E-04 ;-63,4422549456449 ;-1573 ;-140 ; 1579,2178443774 
 4200 ; 9,75980664393663E-05 ;-62,7475853058797 ;-1699 ;-172 ; 1707,6841042769 
 4220 ; 9,7244519435187E-05 ;-63,7757506681589 ;-1708 ;-142 ; 1713,89264541277 
 4240 ; 1,03808415904228E-04 ;-61,6600026347345 ;-1594 ;-192 ; 1605,52172205797 
 4260 ; 9,63664056362439E-05 ;-63,1868927754932 ;-1722 ;-161 ; 1729,51004622697 
 4280 ; 1,00251211447144E-04 ;-63,870542228747 ;-1657 ;-135 ; 1662,49030072359 
 4300 ; 1,0030642672752E-04 ;-63,8333731704695 ;-1656 ;-136 ; 1661,57515628996 
 4320 ; 1,0163444332014E-04 ;-61,3469330863473 ;-1627 ;-205 ; 1639,86401875277 
 4340 ; 9,61714602325268E-05 ;-61,5016891769804 ;-1720 ;-212 ; 1733,01586836359 
 4360 ; 1,01444663474417E-04 ;-60,797675750518 ;-1628 ;-221 ; 1642,93183060041 
 4380 ; 9,73038819437129E-05 ;-63,4035135068702 ;-1706 ;-153 ; 1712,84704512691 
 4400 ; 9,57404048957501E-05 ;-62,7587446886214 ;-1732 ;-175 ; 1740,81848565553 
 4420 ; 9,89818046634058E-05 ;-63,007302629311 ;-1676 ;-162 ; 1683,81115330669 
 4440 ; 9,73913091080336E-05 ;-63,2307977864584 ;-1704 ;-158 ; 1711,30944016563 
 4460 ; 9,70441579241649E-05 ;-60,5963416461391 ;-1701 ;-237 ; 1717,43122133028 
 4480 ; 9,73943022384566E-05 ;-60,8716931546862 ;-1696 ;-228 ; 1711,25684805058 
 4500 ; 9,7419854848077E-05 ;-62,0845403154837 ;-1700 ;-192 ; 1710,80799624037 
 4520 ; 9,52941213137393E-05 ;-63,4109725998031 ;-1742 ;-156 ; 1748,97112611958 
 4540 ; 9,69880279965006E-05 ;-62,2138697821366 ;-1708 ;-189 ; 1718,42515111948 
 4560 ; 9,33962456115325E-05 ;-62,610032365186 ;-1775 ;-184 ; 1784,51141772755 
 4580 ; 9,37640757401897E-05 ;-63,6227718051896 ;-1771 ;-152 ; 1777,51090010723 
 4600 ; 9,37678597164734E-05 ;-62,9427870655447 ;-1769 ;-173 ; 1777,43916914194 
 4620 ; 9,26921470696806E-05 ;-62,462572833016 ;-1788 ;-190 ; 1798,06673958449 
 4640 ; 9,18097106723489E-05 ;-62,7109165088057 ;-1806 ;-184 ; 1815,34900225824 
 4660 ; 9,12319507445503E-05 ;-63,5666976765663 ;-1820 ;-158 ; 1826,84536838781 
 4680 ; 9,07733893505091E-05 ;-63,1530440590523 ;-1828 ;-172 ; 1836,07407257986 
 4700 ; 8,88964876903309E-05 ;-63,6326748489467 ;-1868 ;-160 ; 1874,83972648331 
 4720 ; 8,8593533940598E-05 ;-63,1601435871234 ;-1873 ;-176 ; 1881,25091362104 
 4740 ; 8,72955767824548E-05 ;-63,2088774306606 ;-1901 ;-177 ; 1909,22235478218 
 4760 ; 8,70520965199415E-05 ;-63,4341064107061 ;-1907 ;-170 ; 1914,56235207945 
 4780 ; 8,61112009299245E-05 ;-63,1623308531395 ;-1927 ;-181 ; 1935,48185214948 
 4800 ; 8,50491469520225E-05 ;-63,4635646358298 ;-1952 ;-173 ; 1959,65124448204 
 4820 ; 8,41743541690563E-05 ;-63,3705362193948 ;-1972 ;-178 ; 1980,01717164271 
 4840 ; 8,32659152352732E-05 ;-62,9088388439511 ;-1992 ;-196 ; 2001,6193444309 
 4860 ; 8,21107632154599E-05 ;-62,9019568813987 ;-2020 ;-199 ; 2029,77855935075 
 4880 ; 8,17415381748217E-05 ;-62,5884117570693 ;-2028 ;-211 ; 2038,94703217126 
 4900 ; 8,02497922766909E-05 ;-62,6694591077701 ;-2066 ;-212 ; 2076,84857416231 
 4920 ; 7,97531701013304E-05 ;-62,7058419185096 ;-2079 ;-212 ; 2089,78108901387 
 4940 ; 7,90956000277789E-05 ;-62,3712638106914 ;-2095 ;-226 ; 2107,15471667365 
 4960 ; 7,74476284710354E-05 ;-61,9911027291923 ;-2138 ;-245 ; 2151,99186801438 
 4980 ; 7,72633266569362E-05 ;-61,7393128755552 ;-2142 ;-255 ; 2157,12517022077 
 5000 ; 7,69619940106561E-05 ;-61,0193140672739 ;-2147 ;-283 ; 2165,57105632671 
 5020 ; 7,65659759708324E-05 ;-60,6066407544911 ;-2156 ;-300 ; 2176,77192190638 
 5040 ; 7,52753671511812E-05 ;-60,4274624463038 ;-2192 ;-312 ; 2214,09304230875 
 5060 ; 7,48457665979538E-05 ;-59,7977749614881 ;-2201 ;-338 ; 2226,80151787266 
 5080 ; 7,40289320169922E-05 ;-59,5847678191884 ;-2224 ;-350 ; 2251,37202612096 
 5100 ; 7,38323651925252E-05 ;-58,965819782569 ;-2226 ;-375 ; 2257,3659428635 
 5120 ; 7,27400934269073E-05 ;-58,7535281266543 ;-2258 ;-389 ; 2291,26275228312 
 5140 ; 7,31678379569622E-05 ;-57,9287191488828 ;-2239 ;-419 ; 2277,86786271724 
 5160 ; 7,32236870951226E-05 ;-57,3565833682288 ;-2233 ;-441 ; 2276,13048835079 
 5180 ; 7,2654202770966E-05 ;-57,1644733497565 ;-2249 ;-452 ; 2293,97144707601 
 5200 ; 7,31383908047054E-05 ;-56,6512838432617 ;-2230 ;-469 ; 2278,78498327508 
 5220 ; 7,30639698427772E-05 ;-56,7405317654903 ;-2233 ;-466 ; 2281,1060913513 
 5240 ; 7,28168915454041E-05 ;-56,1922569662279 ;-2236 ;-489 ; 2288,84621589132 
 5260 ; 7,27515338896314E-05 ;-55,8448539424705 ;-2235 ;-503 ; 2290,90244227029 
 5280 ; 7,30369409946986E-05 ;-55,5882470130718 ;-2224 ;-511 ; 2281,95026238523 
 5300 ; 7,31547130576594E-05 ;-55,5412105692938 ;-2220 ;-512 ; 2278,27654159893 
 5320 ; 7,24200828222441E-05 ;-55,264958707433 ;-2240 ;-528 ; 2301,38740763045 
 5340 ; 7,21525736881859E-05 ;-55,3403181230729 ;-2249 ;-527 ; 2309,91991203158 
 5360 ; 7,25355370165701E-05 ;-55,2178041235582 ;-2236 ;-529 ; 2297,72430896311 
 5380 ; 7,22544650232544E-05 ;-55,142693634836 ;-2244 ;-534 ; 2306,66252408106 
 5400 ; 7,22958581513354E-05 ;-55,3902312530598 ;-2245 ;-524 ; 2305,34184016167 
 5420 ; 7,2329978843334E-05 ;-55,1795603375631 ;-2242 ;-532 ; 2304,25432624092 
 5440 ; 7,1785904910636E-05 ;-55,1803742847806 ;-2259 ;-536 ; 2321,71854452688 
 5460 ; 7,20197780792416E-05 ;-55,5429493275525 ;-2255 ;-520 ; 2314,17912012013 
 5480 ; 7,16161260755663E-05 ;-55,4653933282742 ;-2267 ;-526 ; 2327,22259356513 
 5500 ; 7,11449489923844E-05 ;-55,9039780214331 ;-2286 ;-512 ; 2342,6352682396 
 5520 ; 7,05472191030557E-05 ;-56,0862874766343 ;-2307 ;-509 ; 2362,48386237875 
 5540 ; 7,05505372998949E-05 ;-55,9863264407428 ;-2306 ;-513 ; 2362,37274789564 
 5560 ; 7,00422513450118E-05 ;-56,1274535098066 ;-2324 ;-511 ; 2379,51612728302 
 5580 ; 6,93208122284048E-05 ;-56,3303368317194 ;-2350 ;-508 ; 2404,28034970966 
 5600 ; 6,96019217286842E-05 ;-56,5003768120696 ;-2342 ;-499 ; 2394,56989875009 
 5620 ; 6,86980855106773E-05 ;-56,296625127002 ;-2371 ;-514 ; 2426,07440116745 
 5640 ; 6,7860497497381E-05 ;-56,8294652160904 ;-2405 ;-498 ; 2456,01893315178 
 5660 ; 6,75166502875935E-05 ;-57,0317244330229 ;-2419 ;-492 ; 2468,52688865242 
 5680 ; 6,63400165376819E-05 ;-56,8158151395494 ;-2460 ;-510 ; 2512,30969428532 
 5700 ; 6,6217006629496E-05 ;-56,9772801880905 ;-2466 ;-504 ; 2516,97675793798 
 5720 ; 6,54566647181574E-05 ;-56,9050252536715 ;-2494 ;-513 ; 2546,21385590449 
 5740 ; 6,44107772278144E-05 ;-57,2965210665497 ;-2538 ;-504 ; 2587,55869498645 
 5760 ; 6,36581597760272E-05 ;-57,1840204311575 ;-2567 ;-515 ; 2618,15087418583 
 5780 ; 6,28530109159595E-05 ;-57,3073432468208 ;-2601 ;-516 ; 2651,6894614566 
 5800 ; 6,22863882177082E-05 ;-57,1259696015484 ;-2623 ;-529 ; 2675,81202628286 
 5820 ; 6,15599016974592E-05 ;-57,347016054377 ;-2656 ;-525 ; 2707,39007163726 
 5840 ; 6,10251742664506E-05 ;-57,2101263712055 ;-2678 ;-536 ; 2731,11332609982 
 5860 ; 6,00591202574637E-05 ;-57,2021582902095 ;-2721 ;-545 ; 2775,04342308368 
 5880 ; 5,91930972473349E-05 ;-57,118585314386 ;-2760 ;-557 ; 2815,64362091512 
 5900 ; 5,89012439064352E-05 ;-56,9483186472907 ;-2772 ;-568 ; 2829,59502402729 
 5920 ; 5,77281288197054E-05 ;-56,8174739909508 ;-2827 ;-586 ; 2887,09629212467 
 5940 ; 5,67802487269646E-05 ;-56,9924958544339 ;-2876 ;-587 ; 2935,29300070708 
 5960 ; 5,64247172807504E-05 ;-56,7884830157756 ;-2892 ;-601 ; 2953,78824562628 
 5980 ; 5,56151760841692E-05 ;-56,6859095260251 ;-2933 ;-615 ; 2996,78394282938 
 6000 ; 5,43428552656607E-05 ;-56,4452734509276 ;-2999 ;-642 ; 3066,94717919954 
 6020 ; 5,33941371458698E-05 ;-56,2463569634393 ;-3050 ;-664 ; 3121,44133374312 
 6040 ; 5,28508861120735E-05 ;-56,1315155960144 ;-3080 ;-677 ; 3153,52643876661 
 6060 ; 5,17789021476738E-05 ;-55,9859647648734 ;-3142 ;-699 ; 3218,81422266026 
 6080 ; 5,09955573355233E-05 ;-55,5678347284822 ;-3185 ;-733 ; 3268,25855770317 
 6100 ; 4,97173093710966E-05 ;-55,4247799848916 ;-3265 ;-760 ; 3352,28653309946 
 6120 ; 4,89259045831197E-05 ;-54,9285359591284 ;-3311 ;-801 ; 3406,51170554278 
 6140 ; 4,82027056858633E-05 ;-54,7412243935816 ;-3358 ;-824 ; 3457,62056911975 
 6160 ; 4,67376822550145E-05 ;-54,4569720962461 ;-3459 ;-867 ; 3566,0019629832 
 6180 ; 4,6579909838913E-05 ;-53,8939400282993 ;-3462 ;-904 ; 3578,08049098955 
 6200 ; 4,52957137514059E-05 ;-53,3400886803266 ;-3551 ;-964 ; 3679,52401813061 
 6220 ; 4,38279187546436E-05 ;-53,3445274475569 ;-3670 ;-996 ; 3802,75110939436 
 6240 ; 4,30647378139626E-05 ;-52,4629112113252 ;-3719 ;-1071 ; 3870,14237464205 
 6260 ; 4,1878467347932E-05 ;-51,8828226335277 ;-3813 ;-1140 ; 3979,76996822681 
 6280 ; 4,02448024215064E-05 ;-51,5110016350855 ;-3960 ;-1212 ; 4141,32152820812 
 6300 ; 3,92018202350834E-05 ;-50,5536042549122 ;-4044 ;-1312 ; 4251,50326355279 
 6320 ; 3,82904302873211E-05 ;-49,2649534184494 ;-4109 ;-1436 ; 4352,69766926213 
 6340 ; 3,69983478584229E-05 ;-48,713614344845 ;-4238 ;-1527 ; 4504,70565076121 
 6360 ; 3,53646573711981E-05 ;-46,9661827968444 ;-4383 ;-1732 ; 4712,80309370124 
 6380 ; 3,36869449735863E-05 ;-45,4924038024525 ;-4553 ;-1936 ; 4947,51503282203 
 6400 ; 3,17869402555964E-05 ;-30,5152927579583 ;-4131 ;-3229 ; 5243,2434618278 
 6420 ; 3,22773436433154E-05 ;-25,2782512278046 ;-3761 ;-3538 ; 5163,5806375034 
 6440 ; 3,16501385798386E-05 ;-21,4043434973713 ;-3583 ;-3859 ; 5265,9063797223 
 6460 ; 3,26967079183548E-05 ;-17,8200669125178 ;-3228 ;-3945 ; 5097,3531366779 
 6480 ; 3,25660584411051E-05 ;-15,45864019871 ;-3075 ;-4091 ; 5117,80284887959 
 6500 ; 3,31589506933495E-05 ;-12,6704643753097 ;-2821 ;-4160 ; 5026,2949575209 
 6520 ; 3,39893770044406E-05 ;-9,57620812600436 ;-2529 ;-4201 ; 4903,49283674403 
 6540 ; 3,44300231449732E-05 ;-6,25264960148999 ;-2252 ;-4285 ; 4840,73641091931 
 6560 ; 3,55097772112309E-05 ;-3,95226985430082 ;-2015 ;-4239 ; 4693,54301141472 
 6580 ; 3,6208659612582E-05 ;-1,65659649143086 ;-1808 ;-4233 ; 4602,95046682017 
 6600 ; 3,70526838924177E-05 ;-0,377003856378252 ;-1674 ;-4175 ; 4498,09970987749 
 6620 ; 3,74831953416772E-05 ; 1,87943065064758 ;-1491 ;-4189 ; 4446,43700056573 
 6640 ; 3,85192955197039E-05 ; 3,5978943272799 ;-1328 ;-4118 ; 4326,83579535901 
 6660 ; 3,88996671026402E-05 ; 5,10934019422768 ;-1207 ;-4111 ; 4284,52681167944 
 6680 ; 3,98188773525262E-05 ; 6,90094088877478 ;-1053 ;-4051 ; 4185,61942847173 
 6700 ; 4,04023605318151E-05 ; 8,75609763021765 ;-908 ;-4024 ; 4125,17151158591 
 6720 ; 4,03645920793244E-05 ; 10,1019098903674 ;-814 ;-4048 ; 4129,03136340716 
 6740 ; 4,12027537106159E-05 ; 12,0093903323508 ;-665 ;-3990 ; 4045,03708264832 
 6760 ; 4,28526275824746E-05 ; 14,6792550241747 ;-460 ;-3862 ; 3889,29865142804 
 6780 ; 4,36675638664195E-05 ; 16,2704881082998 ;-346 ;-3801 ; 3816,71547275927 
 6800 ; 4,50380809656808E-05 ; 18,3270948470145 ;-203 ;-3695 ; 3700,57211792987 
 6820 ; 4,50822309937032E-05 ; 19,6116102796236 ;-120 ;-3695 ; 3696,94806563468 
 6840 ; 4,6026424755772E-05 ; 21,9147531182156 ; 28 ;-3621 ; 3621,10825576922 
 6860 ; 4,76622667363811E-05 ; 23,3235490379459 ; 113 ;-3495 ; 3496,82627535312 
 6880 ; 4,7954006711224E-05 ; 25,2495999005556 ; 229 ;-3468 ; 3475,55247406797 
 6900 ; 4,88469437002635E-05 ; 27,9843641388368 ; 387 ;-3390 ; 3412,01831765306 
 6920 ; 4,94497646470328E-05 ; 30,2437239028591 ; 514 ;-3331 ; 3370,4238605849 
 6940 ; 4,94266160744624E-05 ; 31,9285368686085 ; 612 ;-3316 ; 3372,00237247841 
 6960 ; 4,96082017660947E-05 ; 35,1770571405282 ; 796 ;-3264 ; 3359,65950655718 
 6980 ; 5,30684894050507E-05 ; 40,4431986643222 ; 1021 ;-2970 ; 3140,59564414141 
 7000 ; 5,442379174157E-05 ; 44,0340097398022 ; 1175 ;-2828 ; 3062,3861611495 
 7020 ; 5,72394916908424E-05 ; 50,0083617833897 ; 1391 ;-2558 ; 2911,74260538256 
 7040 ; 6,12986250306459E-05 ; 54,2499878921014 ; 1472 ;-2286 ; 2718,92993657431 
 7060 ; 6,4701016638854E-05 ; 59,8987818694694 ; 1601 ;-2018 ; 2575,95128059519 
 7080 ; 7,15073626851137E-05 ; 63,254278562054 ; 1553 ;-1738 ; 2330,762321645 
 7100 ; 8,11501324109609E-05 ; 70,0049794333922 ; 1539 ;-1360 ; 2053,80646605273 
 7120 ; 9,3098117262779E-05 ; 72,661954946461 ; 1395 ;-1122 ; 1790,22596339121 
 7140 ; 1,15885436382895E-04 ; 74,6974273025555 ; 1152 ;-861 ; 1438,20200250173 
 7160 ; 1,34404231636541E-04 ; 74,1397621884922 ; 986 ;-752 ; 1240,04032192506 
 7180 ; 1,51909561253144E-04 ; 78,9404408250953 ; 925 ;-590 ; 1097,14401971665 
 7200 ; 1,8695838901392E-04 ; 82,779181998322 ; 782 ;-428 ; 891,463964498846 
 7220 ; 2,38278150309966E-04 ; 85,3462623125071 ; 628 ;-308 ; 699,462650897101 
 7240 ; 2,76057396320678E-04 ; 87,1141529891428 ; 550 ;-249 ; 603,7391820977 
 7260 ; 3,15835048207811E-04 ; 82,5752962908529 ; 462 ;-255 ; 527,701620236285 
 7280 ; 4,08452567829893E-04 ; 75,444339170493 ; 330 ;-240 ; 408,044115262063 
 7300 ; 8,12689111902529E-04 ; 65,6814760544422 ; 143 ;-147 ; 205,080472010379 
 7320 ; 9,03544783036822E-04 ; 41,7732731227366 ; 64 ;-173 ; 184,458667456967 
 7340 ; 2,82323713881309E-03 ; 47,6027131041706 ; 26 ;-53 ; 59,0338885725818 
 7360 ; 2,16158749943384E-03 ;-12,4244540197971 ;-43 ;-64 ; 77,1038261048049 
 7380 ; 6,87555651287755E-04 ;-42,5974809898415 ;-218 ;-106 ; 242,404620418011 
 7400 ; 8,36349631149688E-04 ;-58,1205761379765 ;-196 ;-36 ; 199,278699313298 
 7420 ; 4,5830977395205E-04 ;-59,3508876561312 ;-359 ;-58 ; 363,655056337733 
 7440 ; 3,94661142207091E-04 ;-47,4323312448961 ;-394 ;-152 ; 422,303208607275 
 7460 ; 3,65587633191199E-04 ;-48,384117506135 ;-428 ;-157 ; 455,887047414159 
 7480 ; 3,07199960766488E-04 ;-61,1150917413262 ;-538 ;-70 ; 542,534791511107 
 7500 ; 3,50534787712925E-04 ;-60,6708577763316 ;-471 ;-65 ; 475,46398391466 
 7520 ; 3,21785701366265E-04 ;-57,2834391358165 ;-508 ;-101 ; 517,943047062126 
 7540 ; 2,44350909614238E-04 ;-55,3070072191119 ;-664 ;-156 ; 682,079174289906 
 7560 ; 2,42721049077891E-04 ;-57,9547640319273 ;-675 ;-126 ; 686,659304167649 
 7580 ; 2,63447737222827E-04 ;-58,5150612631708 ;-623 ;-110 ; 632,636546525728 
 7600 ; 2,05304186149764E-04 ;-59,1703924283369 ;-801 ;-132 ; 811,803547664088 
 7620 ; 1,98175092532042E-04 ;-62,9329364962273 ;-837 ;-82 ; 841,007134333592 
 7640 ; 1,97069406740765E-04 ;-64,8674336204598 ;-844 ;-54 ; 845,725723860874 
 7660 ; 2,09710807711465E-04 ;-63,7646457590034 ;-792 ;-66 ; 794,745242200292 
 7680 ; 1,77386790923427E-04 ;-61,251995467156 ;-932 ;-119 ; 939,566389352024 
 7700 ; 1,90548379209997E-04 ;-64,9887282810198 ;-873 ;-54 ; 874,668508636272 
 7720 ; 1,88848228786792E-04 ;-63,3926354803017 ;-879 ;-79 ; 882,542916803483 
 7740 ; 1,66769261319941E-04 ;-64,5692954841637 ;-997 ;-69 ; 999,384810771106 
 7760 ; 1,61227881935967E-04 ;-57,0335655866239 ;-1013 ;-206 ; 1033,7335246571 
 7780 ; 1,76385114042862E-04 ;-61,5988190773814 ;-938 ;-114 ; 944,902111332174 
 7800 ; 1,66271327764307E-04 ;-64,5811348612096 ;-1000 ;-69 ; 1002,37767333476 
 7820 ; 1,5260851646184E-04 ;-64,9584981715907 ;-1090 ;-68 ; 1092,11904113059 
 7840 ; 1,42473822403693E-04 ;-62,3449515007437 ;-1163 ;-126 ; 1169,80553939533 
 7860 ; 1,49639893182585E-04 ;-57,712706716109 ;-1094 ;-209 ; 1113,78498822708 
 7880 ; 1,40846869787017E-04 ;-63,6319517212992 ;-1179 ;-101 ; 1183,31821586588 
 7900 ; 1,48053132182089E-04 ;-57,5178075435416 ;-1105 ;-215 ; 1125,72199054651 
 7920 ; 1,34381162388969E-04 ;-58,686226770857 ;-1222 ;-212 ; 1240,25319995556 
 7940 ; 1,32130646563484E-04 ;-63,7533291919956 ;-1257 ;-105 ; 1261,37781810209 
 7960 ; 1,41519610615936E-04 ;-57,5141340584322 ;-1156 ;-225 ; 1177,69308395694 
 7980 ; 1,30075499312024E-04 ;-64,4108113649506 ;-1278 ;-92 ; 1281,3071450671 
 8000 ; 1,39158528174644E-04 ;-58,6727265335801 ;-1180 ;-205 ; 1197,67483066148 
 8020 ; 1,22277146778828E-04 ;-61,5753299818415 ;-1353 ;-165 ; 1363,02384425218 
 8040 ; 1,36211407805728E-04 ;-60,6365850219023 ;-1212 ;-168 ; 1223,58816601012 
 8060 ; 1,19981166162846E-04 ;-60,9581748832794 ;-1377 ;-183 ; 1389,10690733291 
 8080 ; 1,23699302006191E-04 ;-64,4850872931413 ;-1344 ;-95 ; 1347,35333153557 
 8100 ; 1,16758135791575E-04 ;-61,9310066657372 ;-1418 ;-164 ; 1427,45227590978 
 8120 ; 1,2071160515021E-04 ;-57,6741072466137 ;-1356 ;-260 ; 1380,70127109379 
 8140 ; 1,20217957889691E-04 ;-63,9774361026521 ;-1382 ;-110 ; 1386,37080176986 
 8160 ; 1,23195130478543E-04 ;-57,7499329230139 ;-1329 ;-253 ; 1352,86732535012 
 8180 ; 1,18816605899005E-04 ;-63,8257033423734 ;-1398 ;-115 ; 1402,72199669072 
 8200 ; 1,14323970780822E-04 ;-57,9351892925519 ;-1433 ;-268 ; 1457,84532787261 
 8220 ; 1,11850425086987E-04 ;-63,7933846528508 ;-1485 ;-123 ; 1490,08523246155 
 8240 ; 1,20390930549476E-04 ;-60,5562177984025 ;-1371 ;-192 ; 1384,37892211634 
 8260 ; 1,07342046167663E-04 ;-61,4993895098988 ;-1541 ;-190 ; 1552,66899241274 
 8280 ; 1,10357127383217E-04 ;-58,0368104381459 ;-1485 ;-275 ; 1510,24832395206 
 8300 ; 1,08160320824945E-04 ;-58,8520163505987 ;-1519 ;-259 ; 1540,92245100135 
 8320 ; 1,14825360151324E-04 ;-59,1308601964515 ;-1432 ;-237 ; 1451,47958993573 
 8340 ; 1,045056966671E-04 ;-60,45407348607 ;-1579 ;-224 ; 1594,80939299968 
 8360 ; 1,04651599453096E-04 ;-59,5332168411639 ;-1573 ;-249 ; 1592,58594744522 
 8380 ; 1,09483558388475E-04 ;-62,1922520899091 ;-1513 ;-168 ; 1522,29859094726 
 8400 ; 1,02126867135929E-04 ;-62,1958499033969 ;-1622 ;-180 ; 1631,95710727948 
 8420 ; 1,00599652950781E-04 ;-61,4204293785316 ;-1644 ;-205 ; 1656,73202419703 
 8440 ; 1,08879311937388E-04 ;-60,3029039540691 ;-1515 ;-219 ; 1530,74687652793 
 8460 ; 1,02186624604267E-04 ;-59,106391649936 ;-1609 ;-267 ; 1631,0027590412 
 8480 ; 9,878455235099E-05 ;-62,2330982706363 ;-1677 ;-185 ; 1687,17337579752 
 8500 ; 9,79879464797507E-05 ;-61,470122414203 ;-1688 ;-209 ; 1700,88947318749 
 8520 ; 1,04762292511385E-04 ;-59,924508671623 ;-1573 ;-238 ; 1590,90320258651 
 8540 ; 9,78629502149208E-05 ;-60,9025195729645 ;-1688 ;-226 ; 1703,06194837416 
 8560 ; 1,01429633661147E-04 ;-58,8939924335716 ;-1620 ;-275 ; 1643,17527975563 
 8580 ; 1,01906992634147E-04 ;-59,4518477498435 ;-1615 ;-258 ; 1635,47821752538 
 8600 ; 1,00999176253876E-04 ;-62,1612556834672 ;-1640 ;-183 ; 1650,17847519594 
 8620 ; 9,95009093914236E-05 ;-62,2560890813311 ;-1665 ;-183 ; 1675,02656695349 
 8640 ; 9,56846607129444E-05 ;-63,0926333890425 ;-1734 ;-165 ; 1741,83265556712 
 8660 ; 9,90178530224958E-05 ;-60,3307896546481 ;-1666 ;-240 ; 1683,19814638681 
 8680 ; 9,78616006045084E-05 ;-61,9874758461013 ;-1692 ;-194 ; 1703,08543532026 
 8700 ; 9,27906283834317E-05 ;-63,0652730053079 ;-1788 ;-171 ; 1796,15840058721 
 8720 ; 9,34017598693381E-05 ;-62,9646635911542 ;-1776 ;-173 ; 1784,40606365255 
 8740 ; 9,15762803824868E-05 ;-61,1728865327305 ;-1805 ;-233 ; 1819,97637347302 
 8760 ; 9,38280642542133E-05 ;-62,3555121773143 ;-1766 ;-191 ; 1776,29867983963 
 8780 ; 9,09555683003533E-05 ;-60,402607090255 ;-1814 ;-259 ; 1832,39651822415 
 8800 ; 8,99763802694492E-05 ;-60,4594265533046 ;-1834 ;-260 ; 1852,33798211881 
 8820 ; 9,29696981685359E-05 ;-61,7045538180686 ;-1780 ;-213 ; 1792,69880348038 
 8840 ; 8,95608956470281E-05 ;-62,606305645468 ;-1851 ;-192 ; 1860,93121850325 
 8860 ; 8,82329230041903E-05 ;-62,3589273962717 ;-1878 ;-203 ; 1888,93964964474 
 8880 ; 9,02605395041431E-05 ;-59,7750478484741 ;-1825 ;-281 ; 1846,50643107464 
 8900 ; 8,75140023486917E-05 ;-61,7129951715551 ;-1891 ;-226 ; 1904,45714049962 
 8920 ; 8,89487711736017E-05 ;-59,9960098389145 ;-1853 ;-278 ; 1873,737708432 
 8940 ; 8,64891086182465E-05 ;-61,1340537271214 ;-1911 ;-248 ; 1927,02490902427 
 8960 ; 8,67470990848727E-05 ;-62,043193478282 ;-1909 ;-217 ; 1921,29383489356 
 8980 ; 8,78700968667122E-05 ;-61,3807904145423 ;-1882 ;-236 ; 1896,73930733773 
 9000 ; 8,68135039330858E-05 ;-60,0816370487815 ;-1899 ;-282 ; 1919,82421070264 
 9020 ; 8,71574467855923E-05 ;-61,5296285860559 ;-1898 ;-233 ; 1912,24815335249 
 9040 ; 8,47260146758775E-05 ;-60,9625152391214 ;-1950 ;-259 ; 1967,12505957298 
 9060 ; 8,70115264620015E-05 ;-60,7873707608643 ;-1898 ;-258 ; 1915,45503732142 
 9080 ; 8,5522505858547E-05 ;-60,1487130317361 ;-1928 ;-284 ; 1948,80476189894 
 9100 ; 8,41664756068797E-05 ;-60,1363007686177 ;-1959 ;-289 ; 1980,20251489589 
 9120 ; 8,4339776811856E-05 ;-61,2018807898946 ;-1960 ;-252 ; 1976,13359872252 
 9140 ; 8,4168976327682E-05 ;-60,9833584113359 ;-1963 ;-260 ; 1980,14368165545 
 9160 ; 8,41415020972224E-05 ;-60,0218366807117 ;-1959 ;-293 ; 1980,79024634109 
 9180 ; 8,25509899768965E-05 ;-60,6710965236679 ;-2000 ;-276 ; 2018,9541847204 
 9200 ; 8,20518743028772E-05 ;-60,4340872019841 ;-2011 ;-286 ; 2031,23533840862 
 9220 ; 8,17378124528803E-05 ;-60,6922515722625 ;-2020 ;-278 ; 2039,03997018205 
 9240 ; 8,2963055521106E-05 ;-60,0553422144557 ;-1987 ;-296 ; 2008,92633015748 
 9260 ; 8,24709690504445E-05 ;-60,4783750779513 ;-2001 ;-283 ; 2020,91315993538 
 9280 ; 8,18751646489468E-05 ;-60,3663408422374 ;-2015 ;-289 ; 2035,61931608049 
 9300 ; 8,13798493884659E-05 ;-60,9244004413735 ;-2030 ;-271 ; 2048,0090331832 
 9320 ; 8,03447166988427E-05 ;-60,6872396169281 ;-2055 ;-283 ; 2074,39485151694 
 9340 ; 8,08413660941754E-05 ;-60,2173923185464 ;-2040 ;-298 ; 2061,65079487289 
 9360 ; 8,04758293724285E-05 ;-60,758137456456 ;-2052 ;-280 ; 2071,0152099876 
 9380 ; 8,10363266995452E-05 ;-60,3942453463456 ;-2036 ;-291 ; 2056,69078862137 
 9400 ; 7,98228117243411E-05 ;-60,5999846228752 ;-2068 ;-288 ; 2087,95785398077 
 9420 ; 7,94084417313315E-05 ;-60,6414040453575 ;-2079 ;-288 ; 2098,85325832941 
 9440 ; 7,98454797522345E-05 ;-59,7654300056484 ;-2063 ;-318 ; 2087,36508546061 
 9460 ; 7,96234260218884E-05 ;-60,5646408481459 ;-2073 ;-290 ; 2093,18632710994 
 9480 ; 7,89198652680662E-05 ;-60,4710853319444 ;-2091 ;-296 ; 2111,84682209672 
 9500 ; 7,87352701775687E-05 ;-60,2986601916261 ;-2095 ;-303 ; 2116,79805366502 
 9520 ; 7,78454389538045E-05 ;-61,0945719565746 ;-2123 ;-277 ; 2140,99462867145 
 9540 ; 7,73803123181335E-05 ;-60,1724642171266 ;-2131 ;-313 ; 2153,86396970654 
 9560 ; 7,75232204630786E-05 ;-60,5338675198046 ;-2129 ;-299 ; 2149,89348573365 
 9580 ; 7,6930611029351E-05 ;-60,6487753923624 ;-2146 ;-297 ; 2166,45447678921 
 9600 ; 7,68807986496578E-05 ;-60,5738582122158 ;-2147 ;-300 ; 2167,85815956672 
 9620 ; 7,68259648197979E-05 ;-60,4728862003691 ;-2148 ;-304 ; 2169,40544850427 
 9640 ; 7,66908898279495E-05 ;-60,5137682778497 ;-2152 ;-303 ; 2173,22640329994 
 9660 ; 7,58811793175822E-05 ;-60,3354700189031 ;-2174 ;-313 ; 2196,4163995017 
 9680 ; 7,63477983212607E-05 ;-60,205170761736 ;-2160 ;-316 ; 2182,99244158105 
 9700 ; 7,57246567681771E-05 ;-60,6153948111291 ;-2180 ;-303 ; 2200,95638302989 
 9720 ; 7,5083424235914E-05 ;-60,5003945840612 ;-2198 ;-310 ; 2219,7531394279 
 9740 ; 7,5255397724333E-05 ;-60,1420753991186 ;-2191 ;-323 ; 2214,68056387372 
 9760 ; 7,48402428070692E-05 ;-60,2926681259734 ;-2204 ;-319 ; 2226,96587311077 
 9780 ; 7,47544643214791E-05 ;-60,1982957786723 ;-2206 ;-323 ; 2229,52124905774 
 9800 ; 7,41901947495675E-05 ;-60,4162196498732 ;-2224 ;-317 ; 2246,47835511496 
 9820 ; 7,38969337470021E-05 ;-60,2688494703072 ;-2232 ;-324 ; 2255,3935355055 
 9840 ; 7,37028910437289E-05 ;-60,2906884500877 ;-2238 ;-324 ; 2261,3314661942 
 9860 ; 7,35686049645895E-05 ;-60,1013184287272 ;-2241 ;-332 ; 2265,45911461673 
 9880 ; 7,29724863136753E-05 ;-60,220799348504 ;-2260 ;-330 ; 2283,96584913172 
 9900 ; 7,28861262333829E-05 ;-60,1040724156273 ;-2262 ;-335 ; 2286,67203595094 
 9920 ; 7,22563119604611E-05 ;-60,1522819727746 ;-2282 ;-336 ; 2306,60356368406 
 9940 ; 7,22596734780073E-05 ;-60,0012067722778 ;-2281 ;-342 ; 2306,49626056493 
 9960 ; 7,26474592171828E-05 ;-60,030864208789 ;-2269 ;-339 ; 2294,18438666119 
 9980 ; 7,22999462753759E-05 ;-60,0466816561857 ;-2280 ;-340 ; 2305,21148704408 
 10000 ; 7,19066516102757E-05 ;-59,9681864037298 ;-2292 ;-345 ; 2317,8198808363 
 10020 ; 7,19988016365749E-05 ;-59,9571339216464 ;-2289 ;-345 ; 2314,85334308677 
 10040 ; 7,18386933988872E-05 ;-59,7764923075383 ;-2293 ;-353 ; 2320,01249996633 
 10060 ; 7,18667381328724E-05 ;-59,923002308086 ;-2293 ;-347 ; 2319,10715578216 
 10080 ; 7,1118517431475E-05 ;-59,7412315030628 ;-2316 ;-358 ; 2343,50592062406 
 10100 ; 7,09917584985013E-05 ;-59,8804662392776 ;-2321 ;-353 ; 2347,69035436959 
 10120 ; 7,08128341703492E-05 ;-59,902428194927 ;-2327 ;-353 ; 2353,62231464609 
 10140 ; 7,08244249555691E-05 ;-59,8024874760127 ;-2326 ;-357 ; 2353,23713212247 
 10160 ; 7,08839708822911E-05 ;-59,7950939017113 ;-2324 ;-357 ; 2351,26030034958 
 10180 ; 7,03106898577682E-05 ;-59,9640567775117 ;-2344 ;-353 ; 2370,43139533714 
 10200 ; 7,04487337072156E-05 ;-59,8981270251727 ;-2339 ;-355 ; 2365,78654996599 
 10220 ; 7,00034344807476E-05 ;-59,7583396187726 ;-2353 ;-363 ; 2380,83556761067 
 10240 ; 7,01827302027317E-05 ;-59,7601130436175 ;-2347 ;-362 ; 2374,75325033992 
 10260 ; 6,99139466907559E-05 ;-59,9155196812939 ;-2357 ;-357 ; 2383,88296692602 
 10280 ; 6,99095489560646E-05 ;-59,8917575688157 ;-2357 ;-358 ; 2384,03292762495 
 10300 ; 6,96696320330375E-05 ;-59,8731719559752 ;-2365 ;-360 ; 2392,24267163681 
 10320 ; 6,8952866493766E-05 ;-59,9389168451582 ;-2390 ;-361 ; 2417,11005128025 
 10340 ; 6,87447266385278E-05 ;-60,0606241804734 ;-2398 ;-357 ; 2424,4283862387 
 10360 ; 6,8687233344511E-05 ;-59,9006122958474 ;-2399 ;-364 ; 2426,45770620466 
 10380 ; 6,89259793298294E-05 ;-60,1099996073737 ;-2392 ;-354 ; 2418,05293573156 
 10400 ; 6,86096678311163E-05 ;-60,2680965147125 ;-2404 ;-349 ; 2429,20089741462 
 10420 ; 6,89486004287241E-05 ;-59,9154799095716 ;-2390 ;-362 ; 2417,25960542098 
 10440 ; 6,92930014215728E-05 ;-59,8962239782276 ;-2378 ;-361 ; 2405,24530973454 
 10460 ; 6,81217560633328E-05 ;-60,232590818632 ;-2421 ;-353 ; 2446,5996811902 
 10480 ; 6,80311721649744E-05 ;-60,196428581319 ;-2424 ;-355 ; 2449,85734278549 
 10500 ; 6,805058053584E-05 ;-60,1467443240664 ;-2423 ;-357 ; 2449,15863104046 
 10520 ; 6,75016309797676E-05 ;-60,3555225726202 ;-2444 ;-351 ; 2469,07614301382 
 10540 ; 6,76407093522937E-05 ;-60,1975865613524 ;-2438 ;-357 ; 2463,99939123369 
 10560 ; 6,77305345964126E-05 ;-60,3981850960132 ;-2436 ;-348 ; 2460,73159852919 
 10580 ; 6,71744143230124E-05 ;-60,535349832793 ;-2457 ;-345 ; 2481,10338357756 
 10600 ; 6,69302375336639E-05 ;-60,5413591675104 ;-2466 ;-346 ; 2490,15501525507 
 10620 ; 6,70598240731637E-05 ;-60,5025132465682 ;-2461 ;-347 ; 2485,34303467348 
 10640 ; 6,66918275702679E-05 ;-60,4079121820222 ;-2474 ;-353 ; 2499,05682208308 
 10660 ; 6,70710796657921E-05 ;-60,5710077642931 ;-2461 ;-344 ; 2484,92595463124 
 10680 ; 6,69000356803033E-05 ;-60,3591552794987 ;-2466 ;-354 ; 2491,27918949282 
 10700 ; 6,66042371354969E-05 ;-60,6960919691444 ;-2479 ;-341 ; 2502,34330178735 
 10720 ; 6,63641621467082E-05 ;-60,7014711063201 ;-2488 ;-342 ; 2511,3956279328 
 10740 ; 6,60774252160546E-05 ;-60,7354986560587 ;-2499 ;-342 ; 2522,29359908794 
 10760 ; 6,53077485641628E-05 ;-60,8268238286593 ;-2529 ;-342 ; 2552,01978832453 
 10780 ; 6,52014803868532E-05 ;-60,9751176750646 ;-2534 ;-336 ; 2556,17917994807 
 10800 ; 6,51777788868747E-05 ;-60,8196330933173 ;-2534 ;-343 ; 2557,10871884635 
 10820 ; 6,48375037061812E-05 ;-60,770148509305 ;-2547 ;-347 ; 2570,52873938418 
 10840 ; 6,49245047484175E-05 ;-61,0073894773766 ;-2545 ;-336 ; 2567,08414353718 
 10860 ; 6,456553324348E-05 ;-60,982046924963 ;-2559 ;-339 ; 2581,35662007403 
 10880 ; 6,45061068640167E-05 ;-60,9219208602068 ;-2561 ;-342 ; 2583,73470000308 
 10900 ; 6,46019192637862E-05 ;-60,8881491200215 ;-2557 ;-343 ; 2579,90271134398 
 10920 ; 6,39905461678419E-05 ;-60,9830695653455 ;-2582 ;-342 ; 2604,55140091341 
 10940 ; 6,38900530738724E-05 ;-60,9728320895487 ;-2586 ;-343 ; 2608,64811732054 
 10960 ; 6,33890596078404E-05 ;-60,9005234727352 ;-2606 ;-349 ; 2629,26548678524 
 10980 ; 6,36690884758901E-05 ;-60,9770357220437 ;-2595 ;-344 ; 2617,70147266643 
 11000 ; 6,32634223296682E-05 ;-60,8718456626813 ;-2611 ;-351 ; 2634,48704684612 
 11020 ; 6,289427741296E-05 ;-60,9822228211002 ;-2627 ;-348 ; 2649,94962216266 
 11040 ; 6,23716765638255E-05 ;-60,9804022560494 ;-2649 ;-351 ; 2672,15306447816 
 11060 ; 6,26116166476235E-05 ;-60,842612682796 ;-2638 ;-356 ; 2661,91284605638 
 11080 ; 6,24751861719707E-05 ;-60,8811312440514 ;-2644 ;-355 ; 2667,72581049852 
 11100 ; 6,22131567722834E-05 ;-61,0212695269888 ;-2656 ;-350 ; 2678,9617391818 
 11120 ; 6,17410960627025E-05 ;-60,9715139914558 ;-2676 ;-355 ; 2699,44457250005 
 11140 ; 6,20372481689162E-05 ;-60,9350533984305 ;-2663 ;-355 ; 2686,55802096288 
 11160 ; 6,18910835921589E-05 ;-60,8886521900861 ;-2669 ;-358 ; 2692,90270897409 
 11180 ; 6,16354623674529E-05 ;-60,8776364947471 ;-2680 ;-360 ; 2704,07100498489 
 11200 ; 6,12580681139796E-05 ;-60,7972655770037 ;-2696 ;-366 ; 2720,73004908609 
 11220 ; 6,11406755297493E-05 ;-60,7697478476951 ;-2701 ;-368 ; 2725,9539614601 
 11240 ; 6,11315568548882E-05 ;-60,7072785322093 ;-2701 ;-371 ; 2726,36057776663 
 11260 ; 6,08840690560148E-05 ;-60,8658711934836 ;-2713 ;-365 ; 2737,44296744243 
 11280 ; 6,04622694253632E-05 ;-60,8773290265319 ;-2732 ;-367 ; 2756,54004142875 
 11300 ; 6,08120851183071E-05 ;-60,8327956563602 ;-2716 ;-367 ; 2740,68330895782 
 11320 ; 6,05098414453368E-05 ;-60,7453210200412 ;-2729 ;-373 ; 2754,37288688369 
 11340 ; 6,01048785884587E-05 ;-60,8394301445476 ;-2748 ;-371 ; 2772,93076004433 
 11360 ; 5,97487787219915E-05 ;-60,781623039005 ;-2764 ;-376 ; 2789,4572948873 
 11380 ; 6,00200892049015E-05 ;-60,7045767182439 ;-2751 ;-378 ; 2776,84803329242 
 11400 ; 5,98084857883501E-05 ;-60,8983182556035 ;-2762 ;-370 ; 2786,67256777685 
 11420 ; 5,96765072830862E-05 ;-60,7289348585054 ;-2767 ;-379 ; 2792,83547671538 
 11440 ; 5,92655203702921E-05 ;-60,7007247457663 ;-2786 ;-383 ; 2812,2028731939 
 11460 ; 5,91490382783887E-05 ;-60,7777741465498 ;-2792 ;-380 ; 2817,74093912127 
 11480 ; 5,89305007350039E-05 ;-60,7248001631375 ;-2802 ;-384 ; 2828,19023405428 
 11500 ; 5,88714503126095E-05 ;-60,7530949666215 ;-2805 ;-383 ; 2831,02702212466 
 11520 ; 5,88927819861931E-05 ;-60,6071988059866 ;-2803 ;-390 ; 2830,00159010556 
 11540 ; 5,83810377253228E-05 ;-60,8182595747053 ;-2829 ;-383 ; 2854,80822473244 
 11560 ; 5,8553479873918E-05 ;-60,5718340177945 ;-2819 ;-394 ; 2846,40070966826 
 11580 ; 5,81772549561335E-05 ;-60,6838555199575 ;-2838 ;-391 ; 2864,80802149114 
 11600 ; 5,78378847327631E-05 ;-60,5893952718286 ;-2854 ;-398 ; 2881,61760127884 
 11620 ; 5,75805967096862E-05 ;-60,6249371315083 ;-2867 ;-398 ; 2894,49356537547 
 11640 ; 5,8000437497094E-05 ;-60,4461219051241 ;-2845 ;-404 ; 2873,54154311365 
 11660 ; 5,77865701005727E-05 ;-60,6566520940536 ;-2857 ;-395 ; 2884,17648558475 
 11680 ; 5,76622638409315E-05 ;-60,633668919243 ;-2863 ;-397 ; 2890,39409077724 
 11700 ; 5,74602652984074E-05 ;-60,4819916371799 ;-2872 ;-406 ; 2900,5551192832 
 11720 ; 5,70534079042419E-05 ;-60,6977536378593 ;-2894 ;-398 ; 2921,23946296773 
